Date,Close Price,S&P 500 index,Gold Price,,
2018-10-08,66.4425,"2,884.43","1,188.60",,
2018-10-09,66.3850,"2,880.34","1,191.50",,
2018-10-10,61.4225,"2,785.68","1,193.40",,
2018-10-11,58.7825,"2,728.37","1,227.60",,
2018-10-12,61.6350,"2,767.13","1,222.00",,
2018-10-15,58.8450,"2,750.79","1,230.30",,
2018-10-16,61.4575,"2,809.92","1,231.00",,
2018-10-17,60.7650,"2,809.21","1,227.40",,
2018-10-18,59.8825,"2,768.78","1,230.10",,
2018-10-19,57.2925,"2,767.78","1,228.70",,
2018-10-22,57.8050,"2,755.88","1,224.60",,
2018-10-23,55.2650,"2,740.69","1,236.80",,
2018-10-24,49.8525,"2,656.10","1,231.10",,
2018-10-25,51.9600,"2,705.57","1,232.40",,
2018-10-26,49.5725,"2,658.69","1,235.80",,
2018-10-29,46.4050,"2,641.25","1,227.60",,
2018-10-30,50.7500,"2,682.63","1,225.30",,
2018-10-31,52.7075,"2,711.74","1,215.00",,
2018-11-01,54.5275,"2,740.37","1,238.60",,
2018-11-02,53.7300,"2,723.06","1,233.30",,
2018-11-05,52.9425,"2,738.31","1,232.30",,
2018-11-06,52.7650,"2,755.45","1,226.30",,
2018-11-07,53.4475,"2,813.89","1,228.70",,
2018-11-08,51.4975,"2,806.83","1,225.10",,
2018-11-09,51.4175,"2,781.01","1,208.60",,
2018-11-12,47.3850,"2,726.22","1,203.50",,
2018-11-13,49.8275,"2,722.18","1,201.40",,
2018-11-14,49.2975,"2,701.58","1,210.10",,
2018-11-15,50.5975,"2,730.20","1,215.00",,
2018-11-16,41.1075,"2,736.27","1,223.00",,
2018-11-19,36.1750,"2,690.73","1,225.30",,
2018-11-20,37.2700,"2,641.89","1,221.20",,
2018-11-21,36.1775,"2,649.93","1,228.00",,
2018-11-23,36.2500,"2,632.56","1,226.60",,
2018-11-26,38.2625,"2,673.45","1,222.40",,
2018-11-27,38.4325,"2,682.17","1,213.40",,
2018-11-28,40.0175,"2,743.79","1,223.60",,
2018-11-29,39.3400,"2,737.76","1,230.40",,
2018-11-30,40.8575,"2,760.17","1,226.00",,
2018-12-03,42.5100,"2,790.37","1,239.60",,
2018-12-04,39.2775,"2,700.06","1,246.60",,
2018-12-06,39.5725,"2,695.95","1,243.60",,
2018-12-07,36.9025,"2,633.08","1,252.60",,
2018-12-10,37.9650,"2,637.72","1,249.40",,
2018-12-11,37.0475,"2,636.78","1,247.20",,
2018-12-12,37.2250,"2,651.07","1,250.00",,
2018-12-13,37.2225,"2,650.54","1,247.40",,
2018-12-14,36.6125,"2,599.95","1,241.40",,
2018-12-17,35.8950,"2,545.94","1,251.80",,
2018-12-18,36.7350,"2,546.16","1,253.60",,
2018-12-19,34.6275,"2,506.96","1,256.40",,
2018-12-20,33.7750,"2,467.42","1,267.90",,
2018-12-21,32.3925,"2,416.62","1,258.10",,
2018-12-24,31.7700,"2,351.10","1,271.80",,
2018-12-26,33.2750,"2,467.70","1,273.00",,
2018-12-27,32.7925,"2,488.83","1,281.10",,
2018-12-28,33.4125,"2,485.74","1,283.00",,
2018-12-31,33.3750,"2,506.85","1,281.30",,
2019-01-02,34.0550,"2,510.03","1,284.10",,
2019-01-03,31.9975,"2,447.89","1,294.80",,
2019-01-04,34.0475,"2,531.94","1,285.80",,
2019-01-07,35.8500,"2,549.69","1,289.90",,
2019-01-08,34.9575,"2,574.41","1,285.90",,
2019-01-09,35.6450,"2,584.96","1,292.00",,
2019-01-10,36.3075,"2,596.64","1,287.40",,
2019-01-11,37.2075,"2,596.26","1,289.50",,
2019-01-14,37.6100,"2,582.61","1,291.30",,
2019-01-15,37.4675,"2,610.30","1,288.40",,
2019-01-16,37.2100,"2,616.10","1,293.80",,
2019-01-17,37.9300,"2,635.96","1,292.30",,
2019-01-18,39.2325,"2,670.71","1,282.60",,
2019-01-22,37.1925,"2,632.90","1,285.80",,
2019-01-23,37.3225,"2,638.70","1,284.00",,
2019-01-24,39.4600,"2,642.33","1,279.80",,
2019-01-25,40.0375,"2,664.76","1,298.10",,
2019-01-28,34.5025,"2,643.85","1,303.10",,
2019-01-29,32.9000,"2,640.00","1,308.90",,
2019-01-30,34.3475,"2,681.05","1,315.50",,
2019-01-31,35.9375,"2,704.10","1,325.20",,
2019-02-01,36.1825,"2,706.53","1,322.10",,
2019-02-04,37.2950,"2,724.87","1,319.30",,
2019-02-05,37.4875,"2,737.70","1,319.20",,
2019-02-06,38.2500,"2,731.61","1,314.40",,
2019-02-07,36.8550,"2,706.05","1,314.20",,
2019-02-08,37.0425,"2,707.88","1,318.50",,
2019-02-11,36.6125,"2,709.80","1,311.90",,
2019-02-12,37.7925,"2,744.73","1,314.00",,
2019-02-13,38.2200,"2,753.03","1,315.10",,
2019-02-14,38.6325,"2,745.73","1,313.90",,
2019-02-15,39.3350,"2,775.60","1,322.10",,
2019-02-19,39.1600,"2,779.76","1,344.80",,
2019-02-20,39.6375,"2,784.70","1,347.90",,
2019-02-21,38.9425,"2,774.88","1,327.80",,
2019-02-22,39.7975,"2,792.67","1,332.80",,
2019-02-25,39.6725,"2,796.11","1,329.50",,
2019-02-26,39.2750,"2,793.90","1,328.50",,
2019-02-27,38.8525,"2,792.38","1,321.20",,
2019-02-28,38.5650,"2,784.49","1,316.10",,
2019-03-01,39.1125,"2,803.69","1,299.20",,
2019-03-04,39.1950,"2,792.81","1,287.50",,
2019-03-05,39.1300,"2,789.65","1,284.70",,
2019-03-06,38.0125,"2,771.45","1,287.60",,
2019-03-07,37.3150,"2,748.93","1,286.10",,
2019-03-08,37.6600,"2,743.07","1,299.30",,
2019-03-11,40.2850,"2,783.30","1,291.10",,
2019-03-12,40.6300,"2,791.52","1,298.10",,
2019-03-13,42.1550,"2,810.92","1,309.30",,
2019-03-14,41.3900,"2,808.48","1,295.10",,
2019-03-15,42.4525,"2,822.48","1,302.90",,
2019-03-18,42.2375,"2,832.94","1,301.50",,
2019-03-19,43.9275,"2,832.57","1,306.50",,
2019-03-20,43.6000,"2,824.23","1,301.70",,
2019-03-21,45.9850,"2,854.88","1,307.30",,
2019-03-22,44.3750,"2,800.71","1,312.30",,
2019-03-25,43.4450,"2,798.36","1,322.60",,
2019-03-26,44.2175,"2,818.46","1,315.00",,
2019-03-27,44.1250,"2,805.37","1,310.40",,
2019-03-28,44.3125,"2,815.44","1,295.30",,
2019-03-29,44.8900,"2,834.40","1,298.50",,
2019-04-01,45.5700,"2,867.19","1,294.20",,
2019-04-02,45.7500,"2,867.24","1,295.40",,
2019-04-03,47.1550,"2,873.40","1,295.30",,
2019-04-04,47.0650,"2,879.39","1,294.30",,
2019-04-05,47.7375,"2,892.74","1,295.60",,
2019-04-08,47.9475,"2,895.77","1,301.90",,
2019-04-09,47.3150,"2,878.20","1,308.30",,
2019-04-10,48.0250,"2,888.21","1,313.90",,
2019-04-11,47.8850,"2,888.32","1,293.30",,
2019-04-12,47.5025,"2,907.41","1,295.20",,
2019-04-15,46.1750,"2,905.58","1,291.30",,
2019-04-16,47.0525,"2,907.06","1,277.20",,
2019-04-17,46.8225,"2,900.45","1,276.80",,
2019-04-18,46.5750,"2,905.03","1,276.00",,
2019-04-22,47.1175,"2,907.97","1,277.60",,
2019-04-23,47.6675,"2,933.68","1,273.20",,
2019-04-24,47.7925,"2,927.25","1,279.40",,
2019-04-25,46.7275,"2,926.17","1,279.70",,
2019-04-26,44.5225,"2,939.88","1,288.80",,
2019-04-29,44.8325,"2,943.03","1,281.50",,
2019-04-30,45.2500,"2,945.83","1,285.70",,
2019-05-01,45.1175,"2,923.73","1,284.20",,
2019-05-02,45.7975,"2,917.52","1,272.00",,
2019-05-03,45.7525,"2,945.64","1,281.30",,
2019-05-06,44.9625,"2,932.47","1,283.80",,
2019-05-07,43.2775,"2,884.05","1,285.60",,
2019-05-08,43.4800,"2,879.42","1,281.40",,
2019-05-09,42.5475,"2,870.72","1,285.20",,
2019-05-10,42.2050,"2,881.40","1,287.40",,
2019-05-13,39.6125,"2,811.87","1,301.80",,
2019-05-14,40.5100,"2,834.41","1,296.30",,
2019-05-15,39.8950,"2,850.96","1,297.80",,
2019-05-16,40.0475,"2,876.32","1,286.20",,
2019-05-17,39.1325,"2,859.53","1,275.70",,
2019-05-20,37.9375,"2,840.23","1,277.30",,
2019-05-21,38.7650,"2,864.36","1,273.20",,
2019-05-22,38.0500,"2,856.27","1,274.20",,
2019-05-23,36.8300,"2,822.24","1,285.40",,
2019-05-24,36.2875,"2,826.06","1,283.60",,
2019-05-28,35.8325,"2,802.39","1,280.10",,
2019-05-29,35.0850,"2,783.02","1,281.00",,
2019-05-30,34.7775,"2,788.86","1,292.40",,
2019-05-31,33.8650,"2,752.06","1,311.10",,
2019-06-03,33.4450,"2,744.45","1,327.90",,
2019-06-04,35.7500,"2,803.27","1,328.70",,
2019-06-05,35.3200,"2,826.15","1,333.60",,
2019-06-06,35.9450,"2,843.49","1,342.70",,
2019-06-07,36.3750,"2,873.34","1,346.10",,
2019-06-10,37.1075,"2,886.73","1,329.30",,
2019-06-11,37.6875,"2,885.72","1,331.20",,
2019-06-12,36.5500,"2,879.84","1,336.80",,
2019-06-13,37.0650,"2,891.64","1,343.70",,
2019-06-14,36.1600,"2,886.98","1,344.50",,
2019-06-17,36.2575,"2,889.67","1,342.90",,
2019-06-18,38.2200,"2,917.75","1,350.70",,
2019-06-19,38.2800,"2,926.46","1,348.80",,
2019-06-20,38.5250,"2,954.18","1,396.90",,
2019-06-21,37.9400,"2,950.46","1,400.10",,
2019-06-24,38.1650,"2,945.35","1,418.20",,
2019-06-25,37.8700,"2,917.38","1,418.70",,
2019-06-26,39.8150,"2,913.78","1,415.40",,
2019-06-27,40.8075,"2,924.92","1,412.00",,
2019-06-28,41.0575,"2,941.76","1,413.70",,
2019-07-01,41.5425,"2,964.33","1,389.30",,
2019-07-02,40.5575,"2,973.01","1,408.00",,
2019-07-03,40.6875,"2,995.82","1,420.90",,
2019-07-05,40.0575,"2,990.41","1,403.40",,
2019-07-08,39.3025,"2,975.95","1,400.00",,
2019-07-09,39.3275,"2,979.63","1,400.50",,
2019-07-10,40.0150,"2,993.07","1,412.50",,
2019-07-11,41.5700,"2,999.91","1,406.70",,
2019-07-12,41.9025,"3,013.77","1,412.20",,
2019-07-15,41.8175,"3,014.30","1,413.50",,
2019-07-16,41.7700,"3,004.04","1,411.20",,
2019-07-17,42.4275,"2,984.42","1,423.30",,
2019-07-18,42.5450,"2,995.11","1,428.10",,
2019-07-19,42.1100,"2,976.61","1,426.70",,
2019-07-22,42.8300,"2,985.03","1,426.90",,
2019-07-23,43.9150,"3,005.47","1,421.70",,
2019-07-24,44.6650,"3,019.56","1,423.60",,
2019-07-25,43.3450,"3,003.67","1,414.70",,
2019-07-26,43.7675,"3,025.86","1,419.30",,
2019-07-29,43.7050,"3,020.97","1,420.40",,
2019-07-30,43.8625,"3,013.18","1,441.80",,
2019-07-31,42.1800,"2,980.38","1,437.80",,
2019-08-01,41.2300,"2,953.56","1,432.40",,
2019-08-02,40.2975,"2,932.05","1,457.50",,
2019-08-05,37.6975,"2,844.74","1,476.50",,
2019-08-06,38.0875,"2,881.77","1,484.20",,
2019-08-07,38.4725,"2,883.98","1,519.60",,
2019-08-08,39.5650,"2,938.09","1,509.50",,
2019-08-09,38.5450,"2,918.65","1,508.50",,
2019-08-12,37.8625,"2,883.75","1,517.20",,
2019-08-13,39.0125,"2,926.32","1,514.10",,
2019-08-14,37.5175,"2,840.60","1,527.80",,
2019-08-15,37.1925,"2,847.60","1,531.20",,
2019-08-16,39.8900,"2,888.68","1,523.60",,
2019-08-19,42.6950,"2,923.65","1,511.60",,
2019-08-20,41.9675,"2,900.51","1,515.70",,
2019-08-21,42.8075,"2,924.43","1,515.70",,
2019-08-22,42.8700,"2,922.95","1,508.50",,
2019-08-23,40.6100,"2,847.11","1,537.60",,
2019-08-26,41.3625,"2,878.38","1,537.20",,
2019-08-27,40.4500,"2,869.16","1,551.80",,
2019-08-28,40.3050,"2,887.94","1,549.10",,
2019-08-29,41.7500,"2,924.58","1,536.90",,
2019-08-30,41.8775,"2,926.46","1,529.40",,
2019-09-03,41.0425,"2,906.27","1,552.80",,
2019-09-04,42.1900,"2,937.78","1,560.40",,
2019-09-05,44.9350,"2,976.00","1,525.50",,
2019-09-06,44.6625,"2,978.71","1,515.50",,
2019-09-09,45.1250,"2,978.43","1,511.10",,
2019-09-10,45.7950,"2,979.39","1,499.20",,
2019-09-11,46.0825,"3,000.93","1,503.20",,
2019-09-12,46.0675,"3,009.57","1,507.40",,
2019-09-13,45.4850,"3,007.39","1,499.50",,
2019-09-16,45.0525,"2,997.96","1,511.50",,
2019-09-17,45.2675,"3,005.70","1,513.40",,
2019-09-18,44.9950,"3,006.73","1,515.80",,
2019-09-19,44.2350,"3,006.79","1,506.20",,
2019-09-20,43.1725,"2,992.07","1,515.10",,
2019-09-23,43.7100,"2,991.78","1,531.50",,
2019-09-24,43.1325,"2,966.60","1,540.20",,
2019-09-25,44.5575,"2,984.87","1,512.30",,
2019-09-26,44.3350,"2,977.62","1,515.20",,
2019-09-27,42.9400,"2,961.79","1,506.40",,
2019-09-30,43.5175,"2,976.74","1,472.90",,
2019-10-01,43.5000,"2,940.25","1,489.00",,
2019-10-02,43.2600,"2,887.61","1,507.90",,
2019-10-03,45.3275,"2,910.63","1,513.80",,
2019-10-04,45.4925,"2,952.01","1,512.90",,
2019-10-07,46.0825,"2,938.79","1,504.40",,
2019-10-08,44.3075,"2,893.06","1,503.90",,
2019-10-09,45.1775,"2,919.40","1,512.80",,
2019-10-10,45.7575,"2,938.13","1,500.90",,
2019-10-11,46.4975,"2,970.27","1,488.70",,
2019-10-14,46.6325,"2,966.15","1,497.60",,
2019-10-15,49.0925,"2,995.68","1,483.50",,
2019-10-16,48.5525,"2,989.69","1,494.00",,
2019-10-17,48.5725,"2,997.95","1,498.30",,
2019-10-18,47.6225,"2,986.20","1,494.10",,
2019-10-21,49.0025,"3,006.72","1,488.10",,
2019-10-22,48.9025,"2,995.99","1,487.50",,
2019-10-23,48.7725,"3,004.52","1,495.70",,
2019-10-24,49.2150,"3,010.29","1,504.70",,
2019-10-25,51.1350,"3,022.55","1,505.30",,
2019-10-28,51.6975,"3,039.42","1,495.80",,
2019-10-29,50.7300,"3,036.89","1,490.70",,
2019-10-30,50.7500,"3,046.77","1,496.70",,
2019-10-31,50.2550,"3,037.56","1,514.80",,
2019-11-01,50.6475,"3,066.91","1,511.40",,
2019-11-04,52.6250,"3,078.27","1,511.10",,
2019-11-05,52.4025,"3,074.62","1,483.70",,
2019-11-06,51.9075,"3,076.78","1,493.10",,
2019-11-07,52.0850,"3,085.18","1,466.40",,
2019-11-08,51.9450,"3,093.08","1,462.90",,
2019-11-11,52.0450,"3,087.01","1,457.10",,
2019-11-12,52.4025,"3,091.84","1,453.70",,
2019-11-13,52.1425,"3,094.04","1,463.30",,
2019-11-14,52.4475,"3,096.63","1,473.40",,
2019-11-15,51.0475,"3,120.46","1,468.50",,
2019-11-18,53.0700,"3,122.03","1,471.90",,
2019-11-19,51.9975,"3,120.18","1,474.30",,
2019-11-20,52.7950,"3,108.46","1,474.20",,
2019-11-21,52.5450,"3,103.54","1,463.60",,
2019-11-22,52.7225,"3,110.29","1,463.60",,
2019-11-25,55.3025,"3,133.64","1,456.90",,
2019-11-26,54.2500,"3,140.52","1,460.30",,
2019-11-27,54.5600,"3,153.63","1,453.40",,
2019-11-29,54.1850,"3,140.98","1,472.70",,
2019-12-02,52.3125,"3,113.87","1,469.20",,
2019-12-03,51.9150,"3,093.20","1,484.40",,
2019-12-04,52.3550,"3,112.76","1,480.20",,
2019-12-05,52.1850,"3,117.43","1,483.10",,
2019-12-06,53.0425,"3,145.91","1,465.10",,
2019-12-09,53.0425,"3,135.96","1,464.90",,
2019-12-10,53.4950,"3,132.52","1,468.10",,
2019-12-11,54.3350,"3,141.63","1,475.00",,
2019-12-12,56.0175,"3,168.57","1,472.30",,
2019-12-13,55.9975,"3,168.80","1,481.20",,
2019-12-16,56.2875,"3,191.45","1,480.50",,
2019-12-17,57.0725,"3,192.52","1,480.60",,
2019-12-18,57.3775,"3,191.14","1,478.70",,
2019-12-19,58.8650,"3,205.37","1,484.40",,
2019-12-20,59.8425,"3,221.22","1,480.90",,
2019-12-23,59.7050,"3,224.01","1,488.70",,
2019-12-24,59.6550,"3,223.38","1,504.80",,
2019-12-26,59.7975,"3,239.91","1,514.40",,
2019-12-27,59.2175,"3,240.02","1,518.10",,
2019-12-30,58.0800,"3,221.29","1,518.60",,
2019-12-31,58.8250,"3,230.78","1,523.10",,
2020-01-02,59.9775,"3,257.85","1,528.10",,
2020-01-03,59.0175,"3,234.85","1,552.40",,
2020-01-06,59.2650,"3,246.28","1,568.80",,
2020-01-07,59.9825,"3,237.18","1,574.30",,
2020-01-08,60.0950,"3,253.05","1,560.20",,
2020-01-09,60.7550,"3,274.70","1,554.30",,
2020-01-10,61.0800,"3,265.35","1,560.10",,
2020-01-13,62.9950,"3,288.13","1,550.60",,
2020-01-14,61.8200,"3,283.15","1,544.60",,
2020-01-15,61.3925,"3,289.29","1,554.00",,
2020-01-16,62.2325,"3,316.81","1,550.50",,
2020-01-17,62.3200,"3,329.62","1,560.30",,
2020-01-21,61.9850,"3,320.79","1,560.80",,
2020-01-22,62.5275,"3,321.75","1,556.70",,
2020-01-23,63.2150,"3,325.54","1,565.40",,
2020-01-24,62.6200,"3,295.47","1,571.90",,
2020-01-27,60.0500,"3,243.63","1,577.40",,
2020-01-28,61.9925,"3,276.24","1,569.80",,
2020-01-29,61.3850,"3,273.40","1,570.40",,
2020-01-30,61.4525,"3,283.66","1,589.20",,
2020-01-31,59.1075,"3,225.52","1,587.90",,
2020-02-03,60.0825,"3,248.92","1,582.40",,
2020-02-04,61.7825,"3,297.59","1,555.50",,
2020-02-05,62.6900,"3,334.69","1,562.80",,
2020-02-06,63.5625,"3,345.78","1,570.00",,
2020-02-07,62.8975,"3,327.71","1,573.40",,
2020-02-10,65.7425,"3,352.09","1,579.50",,
2020-02-11,66.9725,"3,357.75","1,570.10",,
2020-02-12,68.1350,"3,379.45","1,571.60",,
2020-02-13,67.6950,"3,373.94","1,578.80",,
2020-02-14,72.4475,"3,380.16","1,586.40",,
2020-02-18,74.1425,"3,370.29","1,603.60",,
2020-02-19,78.6750,"3,386.15","1,611.80",,
2020-02-20,77.1750,"3,373.23","1,620.50",,
2020-02-21,73.5175,"3,337.75","1,648.80",,
2020-02-24,68.3200,"3,225.89","1,676.60",,
2020-02-25,65.5125,"3,128.21","1,650.00",,
2020-02-26,66.9125,"3,116.39","1,643.10",,
2020-02-27,63.1500,"2,978.76","1,642.50",,
2020-02-28,67.5175,"2,954.22","1,566.70",,
2020-03-02,69.1075,"3,090.23","1,594.80",,
2020-03-03,66.4725,"3,003.37","1,644.40",,
2020-03-04,71.1275,"3,130.12","1,643.00",,
2020-03-05,68.3225,"3,023.94","1,668.00",,
2020-03-06,66.5100,"2,972.37","1,672.40",,
2020-03-09,61.3600,"2,746.56","1,675.70",,
2020-03-10,65.2700,"2,882.23","1,660.30",,
2020-03-11,61.6175,"2,741.38","1,642.30",,
2020-03-12,54.0775,"2,480.64","1,590.30",,
2020-03-13,60.2100,"2,711.02","1,516.70",,
2020-03-16,49.1000,"2,386.13","1,486.50",,
2020-03-17,54.3175,"2,529.19","1,525.80",,
2020-03-18,50.7050,"2,398.10","1,477.90",,
2020-03-19,53.2425,"2,409.39","1,479.30",,
2020-03-20,51.4375,"2,304.92","1,484.60",,
2020-03-23,53.1725,"2,237.40","1,567.60",,
2020-03-24,62.2950,"2,447.33","1,660.80",,
2020-03-25,61.4050,"2,475.56","1,633.40",,
2020-03-26,64.3100,"2,630.07","1,651.20",,
2020-03-27,63.1825,"2,541.47","1,654.10",,
2020-03-30,66.3975,"2,626.65","1,643.20",,
2020-03-31,65.9000,"2,584.59","1,596.60",,
2020-04-01,60.7675,"2,470.50","1,591.40",,
2020-04-02,63.8675,"2,526.90","1,637.70",,
2020-04-03,60.9775,"2,488.65","1,645.70",,
2020-04-06,67.1000,"2,663.68","1,693.90",,
2020-04-07,64.7575,"2,659.41","1,683.70",,
2020-04-08,66.7375,"2,749.98","1,684.30",,
2020-04-09,65.7375,"2,789.82","1,752.80",,
2020-04-13,67.4625,"2,761.63","1,761.40",,
2020-04-14,70.9875,"2,846.06","1,768.90",,
2020-04-15,70.2100,"2,783.36","1,740.20",,
2020-04-16,73.6750,"2,799.55","1,731.70",,
2020-04-17,73.0800,"2,874.56","1,698.80",,
2020-04-20,71.7625,"2,823.16","1,711.20",,
2020-04-21,67.3775,"2,736.56","1,687.80",,
2020-04-22,71.5375,"2,799.31","1,738.30",,
2020-04-23,71.0025,"2,797.80","1,745.40",,
2020-04-24,72.3975,"2,836.74","1,735.60",,
2020-04-27,74.2700,"2,878.48","1,723.80",,
2020-04-28,72.8400,"2,863.39","1,722.20",,
2020-04-29,74.6150,"2,939.51","1,713.40",,
2020-04-30,73.0700,"2,912.43","1,694.20",,
2020-05-01,70.6950,"2,830.71","1,700.90",,
2020-05-04,72.8225,"2,842.74","1,713.30",,
2020-05-05,73.4350,"2,868.44","1,710.60",,
2020-05-06,74.4475,"2,848.42","1,688.50",,
2020-05-07,76.2175,"2,881.19","1,725.80",,
2020-05-08,78.1250,"2,929.80","1,713.90",,
2020-05-11,80.6550,"2,930.32","1,698.00",,
2020-05-12,78.0250,"2,870.12","1,706.80",,
2020-05-13,77.8000,"2,820.00","1,716.40",,
2020-05-14,80.3050,"2,852.50","1,740.90",,
2020-05-15,84.9075,"2,863.70","1,756.30",,
2020-05-18,87.5025,"2,953.91","1,734.40",,
2020-05-19,88.0550,"2,922.94","1,745.60",,
2020-05-20,89.7000,"2,971.61","1,752.10",,
2020-05-21,87.7525,"2,948.51","1,721.90",,
2020-05-22,90.2625,"2,955.45","1,735.50",,
2020-05-26,87.1775,"2,991.77","1,717.30",,
2020-05-27,85.2525,"3,036.13","1,710.70",,
2020-05-28,84.8700,"3,029.73","1,728.30",,
2020-05-29,88.7550,"3,044.31","1,751.70",,
2020-06-01,88.0625,"3,055.73","1,750.30",,
2020-06-02,88.2525,"3,080.82","1,734.00",,
2020-06-03,87.6950,"3,122.87","1,704.80",,
2020-06-04,87.6650,"3,112.35","1,727.40",,
2020-06-05,89.2000,"3,193.93","1,683.00",,
2020-06-08,88.0500,"3,232.39","1,705.10",,
2020-06-09,90.4600,"3,207.18","1,721.90",,
2020-06-10,93.6675,"3,190.14","1,720.70",,
2020-06-11,87.9625,"3,002.10","1,739.80",,
2020-06-12,89.3250,"3,041.31","1,737.30",,
2020-06-15,91.7375,"3,066.59","1,727.20",,
2020-06-16,90.6850,"3,124.74","1,736.50",,
2020-06-17,92.3600,"3,113.49","1,735.60",,
2020-06-18,92.1800,"3,115.34","1,731.10",,
2020-06-19,92.6125,"3,097.74","1,753.00",,
2020-06-22,95.2675,"3,117.86","1,766.40",,
2020-06-23,94.5000,"3,131.29","1,782.00",,
2020-06-24,92.3550,"3,050.33","1,775.10",,
2020-06-25,94.9000,"3,083.76","1,770.60",,
2020-06-26,91.5500,"3,009.05","1,780.30",,
2020-06-29,92.0000,"3,053.24","1,781.20",,
2020-06-30,94.9775,"3,100.29","1,800.50",,
2020-07-01,95.3000,"3,115.86","1,779.90",,
2020-07-02,96.1225,"3,130.01","1,790.00",,
2020-07-06,98.3925,"3,179.72","1,799.00",,
2020-07-07,98.7175,"3,145.32","1,809.90",,
2020-07-08,102.1600,"3,169.94","1,820.60",,
2020-07-09,105.0900,"3,152.05","1,803.80",,
2020-07-10,104.7925,"3,185.04","1,801.90",,
2020-07-13,100.5225,"3,155.22","1,814.10",,
2020-07-14,103.7700,"3,197.52","1,813.40",,
2020-07-15,102.2725,"3,226.56","1,813.80",,
2020-07-16,101.3475,"3,215.57","1,800.30",,
2020-07-17,102.0150,"3,224.73","1,810.00",,
2020-07-20,105.1075,"3,251.84","1,817.40",,
2020-07-21,103.2850,"3,257.30","1,843.90",,
2020-07-22,104.3875,"3,276.02","1,865.10",,
2020-07-23,101.2975,"3,235.66","1,890.00",,
2020-07-24,101.9450,"3,215.63","1,897.50",,
2020-07-27,104.2150,"3,239.41","1,931.00",,
2020-07-28,102.1550,"3,218.44","1,944.60",,
2020-07-29,104.6550,"3,258.44","1,953.40",,
2020-07-30,106.1400,"3,246.22","1,966.80",,
2020-07-31,106.1475,"3,271.12","1,985.90",,
2020-08-03,110.1025,"3,294.61","1,986.30",,
2020-08-04,112.2775,"3,306.51","2,021.00",,
2020-08-05,112.8675,"3,327.77","2,049.30",,
2020-08-06,113.3550,"3,349.16","2,069.40",,
2020-08-07,111.9950,"3,351.28","2,028.00",,
2020-08-10,111.6500,"3,360.47","2,039.70",,
2020-08-11,108.5000,"3,333.69","1,946.30",,
2020-08-12,114.4025,"3,380.35","1,949.00",,
2020-08-13,114.4300,"3,373.43","1,970.40",,
2020-08-14,115.6400,"3,372.85","1,949.80",,
2020-08-17,123.3700,"3,381.99","1,998.70",,
2020-08-18,122.6075,"3,389.78","2,013.10",,
2020-08-19,121.3850,"3,374.85","1,970.30",,
2020-08-20,121.4100,"3,385.51","1,946.50",,
2020-08-21,126.8350,"3,397.16","1,947.00",,
2020-08-24,127.2025,"3,431.28","1,939.20",,
2020-08-25,127.5000,"3,443.62","1,923.10",,
2020-08-26,127.7300,"3,478.73","1,952.50",,
2020-08-27,126.2825,"3,484.55","1,932.60",,
2020-08-28,131.4775,"3,508.01","1,974.90",,
2020-08-31,133.7450,"3,500.31","1,978.60",,
2020-09-01,138.2100,"3,526.65","1,978.90",,
2020-09-02,143.4650,"3,580.84","1,944.70",,
2020-09-03,130.1550,"3,455.06","1,937.80",,
2020-09-04,126.2250,"3,426.96","1,934.30",,
2020-09-08,119.1300,"3,331.84","1,939.50",,
2020-09-09,127.1500,"3,398.96","1,954.90",,
2020-09-10,123.1175,"3,339.19","1,964.30",,
2020-09-11,121.6450,"3,340.97","1,947.90",,
2020-09-14,128.7225,"3,383.54","1,963.70",,
2020-09-15,129.9100,"3,401.20","1,966.20",,
2020-09-16,125.1450,"3,385.49","1,970.50",,
2020-09-17,124.6350,"3,357.01","1,949.90",,
2020-09-18,121.8925,"3,319.47","1,962.10",,
2020-09-21,125.1725,"3,281.06","1,910.60",,
2020-09-22,126.3775,"3,315.57","1,907.60",,
2020-09-23,121.2375,"3,236.92","1,868.40",,
2020-09-24,123.4800,"3,246.59","1,876.90",,
2020-09-25,128.7375,"3,298.46","1,866.30",,
2020-09-28,130.3500,"3,351.60","1,882.30",,
2020-09-29,132.2575,"3,335.47","1,903.20",,
2020-09-30,135.3050,"3,363.00","1,895.50",,
2020-10-01,136.1450,"3,380.80","1,916.30",,
2020-10-02,130.6225,"3,348.44","1,907.60",,
2020-10-05,136.4250,"3,408.63","1,920.10",,
2020-10-06,137.3650,"3,360.95","1,908.80",,
2020-10-07,139.6400,"3,419.45","1,890.80",,
2020-10-08,138.3875,"3,446.83","1,895.10",,
2020-10-09,137.6275,"3,477.13","1,926.20",,
2020-10-12,142.2600,"3,534.22","1,928.90",,
2020-10-13,142.4825,"3,511.93","1,894.60",,
2020-10-14,140.9525,"3,488.67","1,907.30",,
2020-10-15,139.7000,"3,483.34","1,908.90",,
2020-10-16,138.1150,"3,483.81","1,906.40",,
2020-10-19,134.9775,"3,426.92","1,911.70",,
2020-10-20,136.4550,"3,443.12","1,915.40",,
2020-10-21,135.2475,"3,435.56","1,929.50",,
2020-10-22,133.6100,"3,453.49","1,904.60",,
2020-10-23,135.9025,"3,465.39","1,905.20",,
2020-10-26,131.4125,"3,400.97","1,905.70",,
2020-10-27,133.9675,"3,390.68","1,911.90",,
2020-10-28,126.2700,"3,271.03","1,879.20",,
2020-10-29,130.2400,"3,310.11","1,868.00",,
2020-10-30,125.3400,"3,269.96","1,879.90",,
2020-11-02,125.8075,"3,310.24","1,892.50",,
2020-11-03,130.1950,"3,369.16","1,910.40",,
2020-11-04,137.9425,"3,443.44","1,896.20",,
2020-11-05,141.6000,"3,510.45","1,946.80",,
2020-11-06,145.6200,"3,509.44","1,951.70",,
2020-11-09,136.3075,"3,550.50","1,854.40",,
2020-11-10,127.7000,"3,545.53","1,876.40",,
2020-11-11,134.1800,"3,572.66","1,861.60",,
2020-11-12,134.5675,"3,537.01","1,873.30",,
2020-11-13,132.9700,"3,585.15","1,886.20",,
2020-11-16,135.1525,"3,626.91","1,887.80",,
2020-11-17,134.2225,"3,609.53","1,885.10",,
2020-11-18,134.2875,"3,567.79","1,873.90",,
2020-11-19,134.4025,"3,581.87","1,861.50",,
2020-11-20,130.8775,"3,557.54","1,872.40",,
2020-11-23,131.4000,"3,577.59","1,837.80",,
2020-11-24,129.5775,"3,635.41","1,804.60",,
2020-11-25,132.3475,"3,629.65","1,805.50",,
2020-11-27,132.6125,"3,638.35","1,788.10",,
2020-11-30,134.0150,"3,621.63","1,780.90",,
2020-12-01,133.9000,"3,662.45","1,818.90",,
2020-12-02,135.4450,"3,669.01","1,830.20",,
2020-12-03,133.9600,"3,666.72","1,841.10",,
2020-12-04,135.5825,"3,699.12","1,840.00",,
2020-12-07,136.0675,"3,691.96","1,866.00",,
2020-12-08,133.5000,"3,702.25","1,874.90",,
2020-12-09,129.3075,"3,672.82","1,838.50",,
2020-12-10,129.7225,"3,668.10","1,837.40",,
2020-12-11,130.1325,"3,663.46","1,843.60",,
2020-12-14,133.0875,"3,647.49","1,832.10",,
2020-12-15,133.6050,"3,694.62","1,855.30",,
2020-12-16,132.4250,"3,701.17","1,859.10",,
2020-12-17,133.4125,"3,722.48","1,890.40",,
2020-12-18,132.7200,"3,709.41","1,888.90",,
2020-12-21,133.3225,"3,694.92","1,882.80",,
2020-12-22,132.7825,"3,687.26","1,870.30",,
2020-12-23,130.0925,"3,690.01","1,878.10",,
2020-12-24,129.9375,"3,703.06","1,883.20",,
2020-12-28,129.0000,"3,735.36","1,880.40",,
2020-12-29,129.4325,"3,727.04","1,882.90",,
2020-12-30,131.4575,"3,732.04","1,893.40",,
2020-12-31,130.5500,"3,756.07","1,895.10",,
2021-01-04,131.1350,"3,700.65","1,946.60",,
2021-01-05,134.0475,"3,726.86","1,954.40",,
2021-01-06,126.1450,"3,748.14","1,908.60",,
2021-01-07,133.4400,"3,803.79","1,913.60",,
2021-01-08,132.7675,"3,824.68","1,835.40",,
2021-01-11,136.2150,"3,799.61","1,850.80",,
2021-01-12,134.8475,"3,801.19","1,844.20",,
2021-01-13,135.3175,"3,809.84","1,854.90",,
2021-01-14,132.0025,"3,795.54","1,851.40",,
2021-01-15,128.5950,"3,768.25","1,829.90",,
2021-01-19,130.2525,"3,798.91","1,842.00",,
2021-01-20,133.6575,"3,851.85","1,866.50",,
2021-01-21,138.6750,"3,853.07","1,865.90",,
2021-01-22,137.1250,"3,841.47","1,856.20",,
2021-01-25,136.5325,"3,855.36","1,855.20",,
2021-01-26,134.3525,"3,849.62","1,850.90",,
2021-01-27,129.1775,"3,750.77","1,844.90",,
2021-01-28,130.5100,"3,787.38","1,841.20",,
2021-01-29,129.8975,"3,714.24","1,850.30",,
2021-02-01,132.3700,"3,773.86","1,863.90",,
2021-02-02,135.5675,"3,826.31","1,833.40",,
2021-02-03,135.3050,"3,830.17","1,835.10",,
2021-02-04,136.6425,"3,871.74","1,791.20",,
2021-02-05,135.9100,"3,886.83","1,813.00",,
2021-02-08,144.3875,"3,915.59","1,834.20",,
2021-02-09,142.6325,"3,911.23","1,837.50",,
2021-02-10,147.6425,"3,909.88","1,842.70",,
2021-02-11,152.5075,"3,916.38","1,826.80",,
2021-02-12,149.6125,"3,934.83","1,823.20",,
2021-02-16,153.3025,"3,932.59","1,799.00",,
2021-02-17,149.0600,"3,931.33","1,772.80",,
2021-02-18,148.2900,"3,913.97","1,775.00",,
2021-02-19,149.2650,"3,906.71","1,777.40",,
2021-02-22,143.5575,"3,876.50","1,808.40",,
2021-02-23,141.4200,"3,881.37","1,805.90",,
2021-02-24,144.9900,"3,925.43","1,797.90",,
2021-02-25,133.0750,"3,829.34","1,775.40",,
2021-02-26,137.1450,"3,811.15","1,728.80",,
2021-03-01,138.4175,"3,901.82","1,723.00",,
2021-03-02,134.0625,"3,870.29","1,733.60",,
2021-03-03,128.0475,"3,819.72","1,715.80",,
2021-03-04,123.7025,"3,768.47","1,700.70",,
2021-03-05,124.6150,"3,841.94","1,698.50",,
2021-03-08,115.9325,"3,821.35","1,678.00",,
2021-03-09,125.2025,"3,875.44","1,716.90",,
2021-03-10,124.6825,"3,898.81","1,721.80",,
2021-03-11,129.9350,"3,939.34","1,722.60",,
2021-03-12,128.5600,"3,943.34","1,719.80",,
2021-03-15,131.9125,"3,968.94","1,729.20",,
2021-03-16,132.9125,"3,962.71","1,730.90",,
2021-03-17,133.4125,"3,974.12","1,727.10",,
2021-03-18,127.2250,"3,915.46","1,732.50",,
2021-03-19,128.4575,"3,913.10","1,741.70",,
2021-03-22,131.8625,"3,940.59","1,738.10",,
2021-03-23,130.7075,"3,910.52","1,725.10",,
2021-03-24,126.4300,"3,889.14","1,733.20",,
2021-03-25,125.3525,"3,909.52","1,725.10",,
2021-03-26,128.3925,"3,974.54","1,732.30",,
2021-03-29,129.4825,"3,971.09","1,712.20",,
2021-03-30,128.7175,"3,958.55","1,686.00",,
2021-03-31,133.4825,"3,972.89","1,715.60",,
2021-04-01,138.1175,"4,019.87","1,728.40",,
2021-04-05,139.8750,"4,077.91","1,728.80",,
2021-04-06,138.6150,"4,073.94","1,743.00",,
2021-04-07,141.4350,"4,079.95","1,741.60",,
2021-04-08,143.1700,"4,097.17","1,758.20",,
2021-04-09,144.0000,"4,128.80","1,744.80",,
2021-04-12,152.0900,"4,127.99","1,732.70",,
2021-04-13,156.7950,"4,141.59","1,747.60",,
2021-04-14,152.7700,"4,124.66","1,736.30",,
2021-04-15,161.3725,"4,170.42","1,766.80",,
2021-04-16,159.1250,"4,185.47","1,780.20",,
2021-04-19,153.6175,"4,163.26","1,770.60",,
2021-04-20,151.7125,"4,134.94","1,778.40",,
2021-04-21,153.6050,"4,173.42","1,793.10",,
2021-04-22,148.5025,"4,134.98","1,782.00",,
2021-04-23,152.6525,"4,180.17","1,777.80",,
2021-04-26,154.7800,"4,187.62","1,780.10",,
2021-04-27,153.8175,"4,186.72","1,778.80",,
2021-04-28,152.7675,"4,183.18","1,773.90",,
2021-04-29,153.2475,"4,211.47","1,768.30",,
2021-04-30,150.0950,"4,181.17","1,767.70",,
2021-05-03,148.3675,"4,192.66","1,791.80",,
2021-05-04,143.5125,"4,164.66","1,776.00",,
2021-05-05,144.5850,"4,167.59","1,784.30",,
2021-05-06,145.2300,"4,201.62","1,815.70",,
2021-05-07,148.1225,"4,232.60","1,831.30",,
2021-05-10,142.6575,"4,188.43","1,837.60",,
2021-05-11,143.0625,"4,152.10","1,836.10",,
2021-05-12,137.5850,"4,063.04","1,822.80",,
2021-05-13,136.6525,"4,112.50","1,824.00",,
2021-05-14,142.4300,"4,173.85","1,838.10",,
2021-05-17,141.6550,"4,163.29","1,867.60",,
2021-05-18,140.1575,"4,127.83","1,868.00",,
2021-05-19,140.6575,"4,115.68","1,881.50",,
2021-05-20,146.1250,"4,159.12","1,881.90",,
2021-05-21,149.9175,"4,155.86","1,876.70",,
2021-05-24,156.1200,"4,197.05","1,884.50",,
2021-05-25,156.4775,"4,188.13","1,898.00",,
2021-05-26,157.0000,"4,195.99","1,901.20",,
2021-05-27,154.8800,"4,200.88","1,895.70",,
2021-05-28,162.4450,"4,204.11","1,905.30",,
2021-06-01,162.6450,"4,202.04","1,905.00",,
2021-06-02,167.7825,"4,208.12","1,909.90",,
2021-06-03,169.6975,"4,192.85","1,873.30",,
2021-06-04,175.7825,"4,229.89","1,892.00",,
2021-06-07,176.1900,"4,226.52","1,898.80",,
2021-06-08,174.5700,"4,227.26","1,894.40",,
2021-06-09,173.5825,"4,219.55","1,895.50",,
2021-06-10,174.2500,"4,239.18","1,896.40",,
2021-06-11,178.2525,"4,247.44","1,879.60",,
2021-06-14,180.1875,"4,255.15","1,865.90",,
2021-06-15,177.8850,"4,246.59","1,856.40",,
2021-06-16,178.1025,"4,223.70","1,861.40",,
2021-06-17,186.5725,"4,221.86","1,774.80",,
2021-06-18,186.3875,"4,166.45","1,769.00",,
2021-06-21,184.2725,"4,224.79","1,782.90",,
2021-06-22,188.8675,"4,246.44","1,777.40",,
2021-06-23,190.5725,"4,241.84","1,783.40",,
2021-06-24,192.0550,"4,266.49","1,776.70",,
2021-06-25,190.3100,"4,280.70","1,777.80",,
2021-06-28,199.8500,"4,290.61","1,780.70",,
2021-06-29,200.2675,"4,291.80","1,763.60",,
2021-06-30,200.0250,"4,297.50","1,771.60",,
2021-07-01,202.1200,"4,319.94","1,776.80",,
2021-07-02,204.8700,"4,352.34","1,783.30",,
2021-07-06,206.9850,"4,343.54","1,795.00",,
2021-07-07,203.7175,"4,358.13","1,802.10",,
2021-07-08,199.0275,"4,320.82","1,800.20",,
2021-07-09,200.5025,"4,369.55","1,810.60",,
2021-07-12,205.1250,"4,384.63","1,805.90",,
2021-07-13,202.5000,"4,369.21","1,809.90",,
2021-07-14,198.4150,"4,374.30","1,825.00",,
2021-07-15,189.6625,"4,360.03","1,829.00",,
2021-07-16,181.6100,"4,327.16","1,815.00",,
2021-07-19,187.7975,"4,258.63","1,809.20",,
2021-07-20,186.1200,"4,323.21","1,811.40",,
2021-07-21,194.1000,"4,358.69","1,803.40",,
2021-07-22,195.9400,"4,367.48","1,805.40",,
2021-07-23,195.5800,"4,411.80","1,801.80",,
2021-07-26,192.9400,"4,422.23","1,799.20",,
2021-07-27,192.0800,"4,401.46","1,799.80",,
2021-07-28,195.0300,"4,400.65","1,799.70",,
2021-07-29,196.6200,"4,419.15","1,835.80",,
2021-07-30,194.9900,"4,395.26","1,817.20",,
2021-08-02,197.5000,"4,387.11","1,822.20",,
2021-08-03,198.1500,"4,423.15","1,814.10",,
2021-08-04,202.7400,"4,402.68","1,814.50",,
2021-08-05,206.3700,"4,429.10","1,808.90",,
2021-08-06,203.6600,"4,436.52","1,763.10",,
2021-08-09,202.9500,"4,432.35","1,726.50",,
2021-08-10,199.3600,"4,436.75","1,731.70",,
2021-08-11,196.9900,"4,447.70","1,753.30",,
2021-08-12,199.0500,"4,460.84","1,751.80",,
2021-08-13,201.8800,"4,468.00","1,778.20",,
2021-08-16,199.5000,"4,479.66","1,789.80",,
2021-08-17,194.5800,"4,448.08","1,787.80",,
2021-08-18,190.4000,"4,400.27","1,784.40",,
2021-08-19,197.9800,"4,405.80","1,783.10",,
2021-08-20,208.1600,"4,441.67","1,784.00",,
2021-08-23,219.5800,"4,479.54","1,806.30",,
2021-08-24,217.9300,"4,486.23","1,808.50",,
2021-08-25,222.1300,"4,496.19","1,791.00",,
2021-08-26,220.6800,"4,469.91","1,795.20",,
2021-08-27,226.3600,"4,509.37","1,819.50",,
2021-08-30,226.8800,"4,528.79","1,812.20",,
2021-08-31,223.8500,"4,522.68","1,818.10",,
2021-09-01,224.4100,"4,524.09","1,816.00",,
2021-09-02,223.9600,"4,536.95","1,811.50",,
2021-09-03,228.4300,"4,535.43","1,833.70",,
2021-09-07,226.6200,"4,520.03","1,797.40",,
2021-09-08,223.3900,"4,514.07","1,793.50",,
2021-09-09,221.7700,"4,493.28","1,800.00",,
2021-09-10,224.7800,"4,458.58","1,792.10",,
2021-09-13,221.5200,"4,468.73","1,794.40",,
2021-09-14,222.4200,"4,443.05","1,807.10",,
2021-09-15,223.4100,"4,480.70","1,794.80",,
2021-09-16,222.4200,"4,473.76","1,756.70",,
2021-09-17,219.0000,"4,432.99","1,751.40",,
2021-09-20,211.1300,"4,357.73","1,763.80",,
2021-09-21,212.4600,"4,354.18","1,778.20",,
2021-09-22,219.4100,"4,395.64","1,778.80",,
2021-09-23,224.8200,"4,448.98","1,749.80",,
2021-09-24,220.8100,"4,455.48","1,751.70",,
2021-09-27,216.6000,"4,443.11","1,752.00",,
2021-09-28,206.9900,"4,352.63","1,737.50",,
2021-09-29,205.1700,"4,359.46","1,722.90",,
2021-09-30,207.1600,"4,307.54","1,757.00",,
2021-10-01,207.4200,"4,357.05","1,758.40",,
2021-10-04,197.3200,"4,300.46","1,767.60",,
2021-10-05,204.5100,"4,345.72","1,760.90",,
2021-10-06,207.0000,"4,363.55","1,761.80",,
2021-10-07,210.7500,"4,399.76","1,759.20",,
2021-10-08,208.3100,"4,391.36","1,757.40",,
2021-10-11,206.9500,"4,361.19","1,755.70",,
2021-10-12,206.7100,"4,350.64","1,759.30",,
2021-10-13,209.3900,"4,363.80","1,794.70",,
2021-10-14,217.4600,"4,438.23","1,797.90",,
2021-10-15,218.6200,"4,471.37","1,768.30",,
2021-10-18,222.2200,"4,486.48","1,765.70",,
2021-10-19,222.9000,"4,519.63","1,770.50",,
2021-10-20,221.0300,"4,536.19","1,784.90",,
2021-10-21,226.9200,"4,549.78","1,781.90",,
2021-10-22,227.2600,"4,544.90","1,796.30",,
2021-10-25,231.6600,"4,566.48","1,806.80",,
2021-10-26,247.1700,"4,574.79","1,793.40",,
2021-10-27,244.5100,"4,551.68","1,798.80",,
2021-10-28,249.4100,"4,596.42","1,802.60",,
2021-10-29,255.6700,"4,605.38","1,783.90",,
2021-11-01,258.2700,"4,613.67","1,795.80",,
2021-11-02,264.0100,"4,630.65","1,789.40",,
2021-11-03,265.9800,"4,660.57","1,763.90",,
2021-11-04,298.0100,"4,680.06","1,793.50",,
2021-11-05,297.5200,"4,697.53","1,816.80",,
2021-11-08,308.0400,"4,701.70","1,828.00",,
2021-11-09,306.5700,"4,685.25","1,830.80",,
2021-11-10,294.5900,"4,646.71","1,848.30",,
2021-11-11,303.9000,"4,649.27","1,863.90",,
2021-11-12,303.9000,"4,682.85","1,868.50",,
2021-11-15,300.2500,"4,682.81","1,866.60",,
2021-11-16,302.0300,"4,700.90","1,854.10",,
2021-11-17,292.6100,"4,688.67","1,870.20",,
2021-11-18,316.7500,"4,706.64","1,861.40",,
2021-11-19,329.8500,"4,697.96","1,851.60",,
2021-11-22,319.5600,"4,682.95","1,806.30",,
2021-11-23,317.4600,"4,690.70","1,783.80",,
2021-11-24,326.7400,"4,701.46","1,784.30",,
2021-11-26,315.0300,"4,594.62","1,786.90",,
2021-11-29,333.7600,"4,655.27","1,785.20",,
2021-11-30,326.7600,"4,567.00","1,776.50",,
2021-12-01,314.3500,"4,513.04","1,784.30",,
2021-12-02,321.2600,"4,577.10","1,762.70",,
2021-12-03,306.9300,"4,538.43","1,783.90",,
2021-12-06,300.3700,"4,591.67","1,779.50",,
2021-12-07,324.2700,"4,686.75","1,784.70",,
2021-12-08,318.2600,"4,701.21","1,785.50",,
2021-12-09,304.9000,"4,667.45","1,776.70",,
2021-12-10,301.9800,"4,712.02","1,784.80",,
2021-12-13,281.6100,"4,669.15","1,788.30",,
2021-12-14,283.3700,"4,634.09","1,772.30",,
2021-12-15,304.5900,"4,709.84","1,764.50",,
2021-12-16,283.8700,"4,668.67","1,798.20",,
2021-12-17,278.0100,"4,620.64","1,804.90",,
2021-12-20,277.1900,"4,568.02","1,794.60",,
2021-12-21,290.7500,"4,649.23","1,788.70",,
2021-12-22,294.0000,"4,696.56","1,802.20",,
2021-12-23,296.4000,"4,725.78","1,811.70",,
2021-12-27,309.4500,"4,791.19","1,808.80",,
2021-12-28,303.2200,"4,786.36","1,810.90",,
2021-12-29,300.0100,"4,793.06","1,805.80",,
2021-12-30,295.8600,"4,778.73","1,814.10",,
2021-12-31,294.1100,"4,766.18","1,828.60",,
2022-01-03,301.2100,"4,796.56","1,800.10",,
2022-01-04,292.9000,"4,793.54","1,814.60",,
2022-01-05,276.0400,"4,700.58","1,825.10",,
2022-01-06,281.7800,"4,696.05","1,789.20",,
2022-01-07,272.4700,"4,677.02","1,797.40",,
2022-01-10,274.0000,"4,670.29","1,798.80",,
2022-01-11,278.1700,"4,713.07","1,818.50",,
2022-01-12,279.9900,"4,726.35","1,827.30",,
2022-01-13,265.7500,"4,659.02","1,821.40",,
2022-01-14,269.4200,"4,662.85","1,816.50",,
2022-01-18,259.0300,"4,577.34","1,814.10",,
2022-01-19,250.6700,"4,532.76","1,843.20",,
2022-01-20,241.5000,"4,482.73","1,842.60",,
2022-01-21,233.7400,"4,397.93","1,831.80",,
2022-01-24,233.7200,"4,410.13","1,841.70",,
2022-01-25,223.2400,"4,356.45","1,852.50",,
2022-01-26,227.7200,"4,349.93","1,829.70",,
2022-01-27,219.4400,"4,326.50","1,793.10",,
2022-01-28,228.4000,"4,431.85","1,786.60",,
2022-01-31,244.8600,"4,515.55","1,796.40",,
2022-02-01,246.3800,"4,546.54","1,801.50",,
2022-02-02,252.4200,"4,589.32","1,810.30",,
2022-02-03,239.4800,"4,477.44","1,804.10",,
2022-02-04,243.1900,"4,500.54","1,807.80",,
2022-02-07,247.2800,"4,483.87","1,821.80",,
2022-02-08,251.0800,"4,521.54","1,827.90",,
2022-02-09,267.0500,"4,587.18","1,836.60",,
2022-02-10,258.2400,"4,504.06","1,837.40",,
2022-02-11,239.4900,"4,418.64","1,842.10",,
2022-02-14,242.6700,"4,401.67","1,869.40",,
2022-02-15,264.9500,"4,471.07","1,856.20",,
2022-02-16,265.1100,"4,475.01","1,871.50",,
2022-02-17,245.0700,"4,380.26","1,902.00",,
2022-02-18,236.4200,"4,348.87","1,899.80",,
2022-02-22,233.9000,"4,304.74","1,907.40",,
2022-02-23,223.8700,"4,225.50","1,910.40",,
2022-02-24,237.4800,"4,288.70","1,926.30",,
2022-02-25,241.5700,"4,384.62","1,887.60",,
2022-02-28,243.8500,"4,373.79","1,900.70",,
2022-03-01,234.7700,"4,306.26","1,943.80",,
2022-03-02,242.2000,"4,386.54","1,922.30",,
2022-03-03,237.1400,"4,363.49","1,935.90",,
2022-03-04,229.3600,"4,328.87","1,966.60",,
2022-03-07,213.5200,"4,201.09","1,995.90",,
2022-03-08,215.1400,"4,170.62","2,043.30",,
2022-03-09,230.1400,"4,277.88","1,988.20",,
2022-03-10,226.5800,"4,259.52","2,000.40",,
2022-03-11,221.0000,"4,204.31","1,985.00",,
2022-03-14,213.3000,"4,173.11","1,960.80",,
2022-03-15,229.7300,"4,262.45","1,929.70",,
2022-03-16,244.9600,"4,357.95","1,909.20",,
2022-03-17,247.6600,"4,411.67","1,943.20",,
2022-03-18,264.5300,"4,463.09","1,929.30",,
2022-03-21,267.3400,"4,461.18","1,929.50",,
2022-03-22,265.2400,"4,511.61","1,921.50",,
2022-03-23,256.3400,"4,456.23","1,937.30",,
2022-03-24,281.5000,"4,520.16","1,962.20",,
2022-03-25,276.9200,"4,543.04","1,954.20",,
2022-03-28,282.1900,"4,575.52","1,939.80",,
2022-03-29,286.5600,"4,631.60","1,912.20",,
2022-03-30,276.9000,"4,602.45","1,939.00",,
2022-03-31,272.8600,"4,530.41","1,954.00",,
2022-04-01,267.1200,"4,545.86","1,923.70",,
2022-04-04,273.6000,"4,582.64","1,934.00",,
2022-04-05,259.3100,"4,525.12","1,927.50",,
2022-04-06,244.0700,"4,481.15","1,923.10",,
2022-04-07,242.0800,"4,500.21","1,937.80",,
2022-04-08,231.1900,"4,488.28","1,945.60",,
2022-04-11,219.1700,"4,412.53","1,948.20",,
2022-04-12,215.0400,"4,397.45","1,976.10",,
2022-04-13,222.0300,"4,446.59","1,984.70",,
2022-04-14,212.5800,"4,392.59","1,974.90",,
2022-04-18,217.8300,"4,391.69","1,986.40",,
2022-04-19,221.9800,"4,462.21","1,959.00",,
2022-04-20,214.8200,"4,459.45","1,955.60",,
2022-04-21,201.8300,"4,393.66","1,948.20",,
2022-04-22,195.1500,"4,271.78","1,934.30",,
2022-04-25,199.0200,"4,296.12","1,896.00",,
2022-04-26,187.8800,"4,175.20","1,904.10",,
2022-04-27,184.1500,"4,183.96","1,888.70",,
2022-04-28,197.8200,"4,287.50","1,891.30",,
2022-04-29,185.4700,"4,131.93","1,911.70",,
2022-05-02,195.3300,"4,155.38","1,863.60",,
2022-05-03,196.0200,"4,175.48","1,870.60",,
2022-05-04,203.3400,"4,300.17","1,868.80",,
2022-05-05,188.4400,"4,152.38","1,875.70",,
2022-05-06,186.7500,"4,123.34","1,882.80",,
2022-05-09,169.5000,"3,991.24","1,858.60",,
2022-05-10,175.9500,"4,001.05","1,841.00",,
2022-05-11,166.3000,"3,935.18","1,853.70",,
2022-05-12,161.7500,"3,930.08","1,824.60",,
2022-05-13,177.0600,"4,023.89","1,808.20",,
2022-05-16,172.6400,"4,008.01","1,814.00",,
2022-05-17,181.7700,"4,088.85","1,818.90",,
2022-05-18,169.3800,"3,923.68","1,815.90",,
2022-05-19,171.2400,"3,900.79","1,841.20",,
2022-05-20,166.9400,"3,901.36","1,842.10",,
2022-05-23,168.9800,"3,973.75","1,847.80",,
2022-05-24,161.5400,"3,941.48","1,865.40",,
2022-05-25,169.7500,"3,978.73","1,846.30",,
2022-05-26,178.5100,"4,057.84","1,847.60",,
2022-05-27,188.1100,"4,158.24","1,857.30",,
2022-05-31,186.7200,"4,132.15","1,848.40",,
2022-06-01,183.2000,"4,101.23","1,848.70",,
2022-06-02,195.9200,"4,176.82","1,871.40",,
2022-06-03,187.2000,"4,108.54","1,850.20",,
2022-06-06,187.8600,"4,121.43","1,843.70",,
2022-06-07,189.2600,"4,160.68","1,852.10",,
2022-06-08,186.4800,"4,115.77","1,856.50",,
2022-06-09,180.4800,"4,017.82","1,852.80",,
2022-06-10,169.7400,"3,900.86","1,875.50",,
2022-06-13,156.4700,"3,749.63","1,831.80",,
2022-06-14,158.3600,"3,735.48","1,813.50",,
2022-06-15,165.2700,"3,789.99","1,819.60",,
2022-06-16,156.0100,"3,666.77","1,849.90",,
2022-06-17,158.8000,"3,674.84","1,840.60",,
2022-06-21,165.6600,"3,764.79","1,838.80",,
2022-06-22,163.6000,"3,759.89","1,838.40",,
2022-06-23,162.2500,"3,795.73","1,829.80",,
2022-06-24,171.2600,"3,911.74","1,830.30",,
2022-06-27,168.6900,"3,900.11","1,824.80",,
2022-06-28,159.8200,"3,821.55","1,821.20",,
2022-06-29,155.4200,"3,818.83","1,817.50",,
2022-06-30,151.5900,"3,785.38","1,807.30",,
2022-07-01,145.2300,"3,825.33","1,801.50",,
2022-07-05,149.6400,"3,831.39","1,768.90",,
2022-07-06,151.3000,"3,845.08","1,736.50",,
2022-07-07,158.5800,"3,902.62","1,739.70",,
2022-07-08,158.3800,"3,899.38","1,742.30",,
2022-07-11,151.5200,"3,854.43","1,731.70",,
2022-07-12,150.8200,"3,818.80","1,724.80",,
2022-07-13,151.6400,"3,801.78","1,735.50",,
2022-07-14,153.7200,"3,790.38","1,705.80",,
2022-07-15,157.6200,"3,863.16","1,703.60",,
2022-07-18,161.0100,"3,830.85","1,710.20",,
2022-07-19,169.9200,"3,936.69","1,710.70",,
2022-07-20,178.0700,"3,959.90","1,700.20",,
2022-07-21,180.5000,"3,998.95","1,713.40",,
2022-07-22,173.1900,"3,961.63","1,727.40",,
2022-07-25,170.2400,"3,966.84","1,719.10",,
2022-07-26,165.3300,"3,921.05","1,717.70",,
2022-07-27,177.9000,"4,023.61","1,719.10",,
2022-07-28,179.8400,"4,072.43","1,769.20",,
2022-07-29,181.6300,"4,130.29","1,781.80",,
2022-08-01,184.4100,"4,118.63","1,787.70",,
2022-08-02,185.2600,"4,091.19","1,789.70",,
2022-08-03,188.9300,"4,155.17","1,776.40",,
2022-08-04,192.1500,"4,151.94","1,806.90",,
2022-08-05,189.8900,"4,145.19","1,791.20",,
2022-08-08,177.9300,"4,140.06","1,805.20",,
2022-08-09,170.8600,"4,122.47","1,812.30",,
2022-08-10,180.9700,"4,210.24","1,813.70",,
2022-08-11,179.4200,"4,207.27","1,807.20",,
2022-08-12,187.0900,"4,280.15","1,815.50",,
2022-08-15,190.3200,"4,297.14","1,798.10",,
2022-08-16,188.7900,"4,305.20","1,789.70",,
2022-08-17,183.3500,"4,274.04","1,776.70",,
2022-08-18,187.7300,"4,283.74","1,771.20",,
2022-08-19,178.4900,"4,228.48","1,762.90",,
2022-08-22,170.3400,"4,137.99","1,748.40",,
2022-08-23,171.8100,"4,128.73","1,761.20",,
2022-08-24,172.2200,"4,140.77","1,761.50",,
2022-08-25,179.1300,"4,199.12","1,771.40",,
2022-08-26,162.6000,"4,057.66","1,749.80",,
2022-08-29,158.0100,"4,030.61","1,749.70",,
2022-08-30,154.6800,"3,986.16","1,736.30",,
2022-08-31,150.9400,"3,955.00","1,726.20",,
2022-09-01,139.3700,"3,966.85","1,709.30",,
2022-09-02,136.4700,"3,924.26","1,722.60",,
2022-09-06,134.6500,"3,908.19","1,707.90",,
2022-09-07,137.1400,"3,979.87","1,727.80",,
2022-09-08,139.9000,"4,006.18","1,720.20",,
2022-09-09,143.8700,"4,067.36","1,728.60",,
2022-09-12,145.0500,"4,110.41","1,740.60",,
2022-09-13,131.3100,"3,932.69","1,717.40",,
2022-09-14,131.2800,"3,946.01","1,709.10",,
2022-09-15,129.2900,"3,901.35","1,677.30",,
2022-09-16,131.9800,"3,873.33","1,683.50",,
2022-09-19,133.8200,"3,899.89","1,678.20",,
2022-09-20,131.7600,"3,855.93","1,671.10",,
2022-09-21,132.6100,"3,789.93","1,675.70",,
2022-09-22,125.6100,"3,757.99","1,681.10",,
2022-09-23,125.1600,"3,693.23","1,655.60",,
2022-09-26,122.2800,"3,655.04","1,633.40",,
2022-09-27,124.1300,"3,647.29","1,636.20",,
2022-09-28,127.3600,"3,719.04","1,670.00",,
2022-09-29,122.2000,"3,640.47","1,668.60",,
2022-09-30,121.3900,"3,585.62","1,672.00",,
2022-10-03,125.1200,"3,678.43","1,702.00",,
2022-10-04,131.6700,"3,790.93","1,730.50",,
2022-10-05,132.0900,"3,783.28","1,720.80",,
2022-10-06,131.3000,"3,744.52","1,720.80",,
2022-10-07,120.7600,"3,639.66","1,709.30",,
2022-10-10,116.7000,"3,612.39","1,675.20",,
2022-10-11,115.8600,"3,588.84","1,686.00",,
2022-10-12,115.0000,"3,577.03","1,677.50",,
2022-10-13,119.6000,"3,669.91","1,677.00",,
2022-10-14,112.2700,"3,583.07","1,648.90",,
2022-10-17,118.8800,"3,677.95","1,664.00",,
2022-10-18,119.6700,"3,719.98","1,655.80",,
2022-10-19,120.5100,"3,695.16","1,634.20",,
2022-10-20,121.9400,"3,665.78","1,636.80",,
2022-10-21,124.6600,"3,752.75","1,656.30",,
2022-10-24,125.9900,"3,797.34","1,654.10",,
2022-10-25,132.6100,"3,859.11","1,658.00",,
2022-10-26,128.9600,"3,830.60","1,669.20",,
2022-10-27,131.7600,"3,807.30","1,665.60",,
2022-10-28,138.3400,"3,901.06","1,644.80",,
2022-10-31,134.9700,"3,871.98","1,640.70",,
2022-11-01,135.4300,"3,856.10","1,649.70",,
2022-11-02,132.1900,"3,759.69","1,650.00",,
2022-11-03,134.2100,"3,719.89","1,630.90",,
2022-11-04,141.5600,"3,770.55","1,676.60",,
2022-11-07,143.0100,"3,806.80","1,680.50",,
2022-11-08,146.0200,"3,828.11","1,716.00",,
2022-11-09,137.7600,"3,748.57","1,713.70",,
2022-11-10,157.5000,"3,956.37","1,753.70",,
2022-11-11,163.2700,"3,992.93","1,769.40",,
2022-11-14,162.9500,"3,957.25","1,776.90",,
2022-11-15,166.6600,"3,991.73","1,776.80",,
2022-11-16,159.1000,"3,958.79","1,775.80",,
2022-11-17,156.7700,"3,946.56","1,763.00",,
2022-11-18,154.0900,"3,965.34","1,754.40",,
2022-11-21,153.1700,"3,949.94","1,739.60",,
2022-11-22,160.3800,"4,003.58","1,739.90",,
2022-11-23,165.1900,"4,027.26","1,745.60",,
2022-11-25,162.7000,"4,026.12","1,754.00",,
2022-11-28,158.2700,"3,963.94","1,740.30",,
2022-11-29,156.3900,"3,957.63","1,763.70",,
2022-11-30,169.2300,"4,080.11","1,759.90",,
2022-12-01,171.3500,"4,076.57","1,815.20",,
2022-12-02,168.7600,"4,071.70","1,809.60",,
2022-12-05,166.1000,"3,998.84","1,781.30",,
2022-12-06,159.8700,"3,941.26","1,782.40",,
2022-12-07,161.2000,"3,933.92","1,798.00",,
2022-12-08,171.6900,"3,963.51","1,801.50",,
2022-12-09,170.0100,"3,934.38","1,810.70",,
2022-12-12,175.3500,"3,990.56","1,792.30",,
2022-12-13,180.7200,"4,019.65","1,825.50",,
2022-12-14,176.7400,"3,995.32","1,818.70",,
2022-12-15,169.5200,"3,895.75","1,787.80",,
2022-12-16,165.7100,"3,852.36","1,800.20",,
2022-12-19,162.5400,"3,817.66","1,797.70",,
2022-12-20,160.8500,"3,821.62","1,825.40",,
2022-12-21,165.0100,"3,878.44","1,825.40",,
2022-12-22,153.3900,"3,822.39","1,795.30",,
2022-12-23,152.0600,"3,844.82","1,804.20",,
2022-12-27,141.2100,"3,829.25","1,823.10",,
2022-12-28,140.3600,"3,783.22","1,815.80",,
2022-12-29,146.0300,"3,849.28","1,826.00",,
2022-12-30,146.1400,"3,839.50","1,826.20",,
2023-01-03,143.1500,"3,824.14","1,846.10",,
2023-01-04,147.4900,"3,852.97","1,859.00",,
2023-01-05,142.6500,"3,808.10","1,840.60",,
2023-01-06,148.5900,"3,895.08","1,869.70",,
2023-01-09,156.2800,"3,892.09","1,877.80",,
2023-01-10,159.0900,"3,919.25","1,876.50",,
2023-01-11,160.0100,"3,969.61","1,878.90",,
2023-01-12,165.1100,"3,983.17","1,898.80",,
2023-01-13,168.9900,"3,999.09","1,921.70",,
2023-01-17,177.0200,"3,990.97","1,907.20",,
2023-01-18,173.7700,"3,928.86","1,907.00",,
2023-01-19,167.6500,"3,898.85","1,923.90",,
2023-01-20,178.3900,"3,972.61","1,928.20",,
2023-01-23,191.9300,"4,019.81","1,936.20",,
2023-01-24,192.6500,"4,016.95","1,943.10",,
2023-01-25,193.2300,"4,016.22","1,950.30",,
2023-01-26,198.0200,"4,060.43","1,937.60",,
2023-01-27,203.6500,"4,070.56","1,936.60",,
2023-01-30,191.6200,"4,017.77","1,922.90",,
2023-01-31,195.3700,"4,076.60","1,929.50",,
2023-02-01,209.4300,"4,119.21","1,927.80",,
2023-02-02,217.0900,"4,179.76","1,916.30",,
2023-02-03,211.0000,"4,136.48","1,862.90",,
2023-02-06,210.8900,"4,111.08","1,866.20",,
2023-02-07,221.7300,"4,164.00","1,871.70",,
2023-02-08,222.0500,"4,117.86","1,877.40",,
2023-02-09,223.3700,"4,081.50","1,866.20",,
2023-02-10,212.6500,"4,090.46","1,862.80",,
2023-02-13,217.8800,"4,137.29","1,851.90",,
2023-02-14,229.7100,"4,136.13","1,854.00",,
2023-02-15,227.6400,"4,147.60","1,834.20",,
2023-02-16,220.0200,"4,090.41","1,842.00",,
2023-02-17,213.8800,"4,079.09","1,840.40",,
2023-02-21,206.5500,"3,997.34","1,842.50",,
2023-02-22,207.5400,"3,991.05","1,833.30",,
2023-02-23,236.6400,"4,012.32","1,818.80",,
2023-02-24,232.8600,"3,970.04","1,809.20",,
2023-02-27,235.0100,"3,982.24","1,824.90",,
2023-02-28,232.1600,"3,970.15","1,836.70",,
2023-03-01,226.9800,"3,951.39","1,845.40",,
2023-03-02,233.1400,"3,981.35","1,840.50",,
2023-03-03,238.9000,"4,045.64","1,854.60",,
2023-03-06,235.5400,"4,048.42","1,854.60",,
2023-03-07,232.8800,"3,986.37","1,820.00",,
2023-03-08,241.8100,"3,992.01","1,818.60",,
2023-03-09,234.3600,"3,918.32","1,834.60",,
2023-03-10,229.6500,"3,861.59","1,867.20",,
2023-03-13,229.6600,"3,855.76","1,916.50",,
2023-03-14,240.6300,"3,920.56","1,910.90",,
2023-03-15,242.2800,"3,891.93","1,948.10",,
2023-03-16,255.4100,"3,960.28","1,939.70",,
2023-03-17,257.2500,"3,916.64","1,990.20",,
2023-03-20,259.0000,"3,951.57","1,999.70",,
2023-03-21,261.9900,"4,002.87","1,958.30",,
2023-03-22,264.6800,"3,936.97","1,966.60",,
2023-03-23,271.9100,"3,948.72","2,013.30",,
2023-03-24,267.7900,"3,970.99","2,001.70",,
2023-03-27,265.3100,"3,977.53","1,971.50",,
2023-03-28,264.1000,"3,971.27","1,973.50",,
2023-03-29,269.8400,"4,027.81","1,966.90",,
2023-03-30,273.8300,"4,050.83","1,980.30",,
2023-03-31,277.7700,"4,109.31","1,969.00",,
2023-04-03,279.6500,"4,124.51","1,983.90",,
2023-04-04,274.5300,"4,100.60","2,022.20",,
2023-04-05,268.8100,"4,090.38","2,020.90",,
2023-04-06,270.3700,"4,105.02","2,011.90",,
2023-04-10,275.7900,"4,109.11","1,989.10",,
2023-04-11,271.6900,"4,108.94","2,004.80",,
2023-04-12,264.9500,"4,091.95","2,010.90",,
2023-04-13,264.6300,"4,146.22","2,041.30",,
2023-04-14,267.5800,"4,137.64","2,002.20",,
2023-04-17,270.0200,"4,151.32","1,994.20",,
2023-04-18,276.6700,"4,154.87","2,010.30",,
2023-04-19,279.3100,"4,154.52","1,998.00",,
2023-04-20,271.0400,"4,129.79","2,009.80",,
2023-04-21,271.1900,"4,133.52","1,981.30",,
2023-04-24,270.4200,"4,137.04","1,990.60",,
2023-04-25,262.4100,"4,071.63","1,995.10",,
2023-04-26,269.5600,"4,055.99","1,986.90",,
2023-04-27,272.2600,"4,135.35","1,999.00",,
2023-04-28,277.4900,"4,169.48","1,999.10",,
2023-05-01,289.1000,"4,167.87","1,992.20",,
2023-05-02,282.1000,"4,119.58","2,023.30",,
2023-05-03,278.0200,"4,090.75","2,037.00",,
2023-05-04,275.6200,"4,061.22","2,055.70",,
2023-05-05,286.8000,"4,136.25","2,024.80",,
2023-05-08,291.5100,"4,138.12","2,033.20",,
2023-05-09,285.7100,"4,119.17","2,042.90",,
2023-05-10,288.8500,"4,137.64","2,037.10",,
2023-05-11,285.7800,"4,130.62","2,020.50",,
2023-05-12,283.4000,"4,124.08","2,019.80",,
2023-05-15,289.5300,"4,136.28","2,018.00",,
2023-05-16,292.1300,"4,109.90","1,988.40",,
2023-05-17,301.7800,"4,158.77","1,980.70",,
2023-05-18,316.7800,"4,198.05","1,956.50",,
2023-05-19,312.6400,"4,191.98","1,978.70",,
2023-05-22,311.7600,"4,192.63","1,974.80",,
2023-05-23,306.8800,"4,145.58","1,972.40",,
2023-05-24,305.3800,"4,115.24","1,962.80",,
2023-05-25,379.8000,"4,151.28","1,943.10",,
2023-05-26,389.4600,"4,205.45","1,963.10",,
2023-05-30,401.1100,"4,205.52","1,977.10",,
2023-05-31,378.3400,"4,179.83","1,982.10",,
2023-06-01,397.7000,"4,221.02","1,995.50",,
2023-06-02,393.2700,"4,282.37","1,969.60",,
2023-06-05,391.7100,"4,273.79","1,974.30",,
2023-06-06,386.5400,"4,283.85","1,981.50",,
2023-06-07,374.7500,"4,267.52","1,958.40",,
2023-06-08,385.1000,"4,293.93","1,978.60",,
2023-06-09,387.7000,"4,298.86","1,977.20",,
2023-06-12,394.8200,"4,338.93","1,969.70",,
2023-06-13,410.2200,"4,369.01","1,958.60",,
2023-06-14,429.9700,"4,372.59","1,968.90",,
2023-06-15,426.5300,"4,425.84","1,961.80",,
2023-06-16,426.9200,"4,409.59","1,962.20",,
2023-06-20,438.0800,"4,388.71","1,938.90",,
2023-06-21,430.4500,"4,365.69","1,936.10",,
2023-06-22,430.2500,"4,381.89","1,915.00",,
2023-06-23,422.0900,"4,348.33","1,921.00",,
2023-06-26,406.3200,"4,328.82","1,925.10",,
2023-06-27,418.7600,"4,378.41","1,915.10",,
2023-06-28,411.1700,"4,376.86","1,913.40",,
2023-06-29,408.2200,"4,396.44","1,917.90",,
2023-06-30,423.0200,"4,450.38","1,929.40",,
2023-07-03,424.1300,"4,455.59","1,929.50",,
2023-07-05,423.1700,"4,446.82","1,927.10",,
2023-07-06,421.0300,"4,411.59","1,915.40",,
2023-07-07,425.0300,"4,398.95","1,932.50",,
2023-07-10,421.8000,"4,409.53","1,931.00",,
2023-07-11,424.0500,"4,439.26","1,937.10",,
2023-07-12,439.0200,"4,472.16","1,961.70",,
2023-07-13,459.7700,"4,510.04","1,963.80",,
2023-07-14,454.6900,"4,505.42","1,964.40",,
2023-07-17,464.6100,"4,522.79","1,956.40",,
2023-07-18,474.9400,"4,554.98","1,980.80",,
2023-07-19,470.7700,"4,565.72","1,980.80",,
2023-07-20,455.2000,"4,534.87","1,970.90",,
2023-07-21,443.0900,"4,536.34","1,966.60",,
2023-07-24,446.1200,"4,554.64","1,981.60",,
2023-07-25,456.7900,"4,567.46","1,983.10",,
2023-07-26,454.5200,"4,566.75","1,989.70",,
2023-07-27,459.0000,"4,537.41","1,965.30",,
2023-07-28,467.5000,"4,582.23","1,999.90",,
2023-07-31,467.2900,"4,588.96","2,009.20",,
2023-08-01,465.0700,"4,576.73","1,978.80",,
2023-08-02,442.6900,"4,513.39","1,975.00",,
2023-08-03,445.1500,"4,501.89","1,968.80",,
2023-08-04,446.8000,"4,478.03","1,976.10",,
2023-08-07,454.1700,"4,518.44","1,970.00",,
2023-08-08,446.6400,"4,499.38","1,959.90",,
2023-08-09,425.5400,"4,467.71","1,950.60",,
2023-08-10,423.8800,"4,468.83","1,948.90",,
2023-08-11,408.5500,"4,464.05","1,946.60",,
2023-08-14,437.5300,"4,489.72","1,944.00",,
2023-08-15,439.4000,"4,437.86","1,935.20",,
2023-08-16,434.8600,"4,404.33","1,928.30",,
2023-08-17,433.4400,"4,370.36","1,915.20",,
2023-08-18,432.9900,"4,369.71","1,916.50",,
2023-08-21,469.6700,"4,399.77","1,923.00",,
2023-08-22,456.6800,"4,387.55","1,926.00",,
2023-08-23,471.1600,"4,436.01","1,948.10",,
2023-08-24,471.6300,"4,376.31","1,947.10",,
2023-08-25,460.1800,"4,405.71","1,939.90",,
2023-08-28,468.3500,"4,433.31","1,946.80",,
2023-08-29,487.8400,"4,497.63","1,965.10",,
2023-08-30,492.6400,"4,514.87","1,973.00",,
2023-08-31,493.5500,"4,507.66","1,965.90",,
2023-09-01,485.0900,"4,515.77","1,967.10",,
2023-09-05,485.4800,"4,496.83","1,952.60",,
2023-09-06,470.6100,"4,465.48","1,944.20",,
2023-09-07,462.4100,"4,451.14","1,942.50",,
2023-09-08,455.7200,"4,457.49","1,942.70",,
2023-09-11,451.7800,"4,487.46","1,947.20",,
2023-09-12,448.7000,"4,461.90","1,935.10",,
2023-09-13,454.8500,"4,467.44","1,932.50",,
2023-09-14,455.8100,"4,505.10","1,932.80",,
2023-09-15,439.0000,"4,450.32","1,946.20",,
2023-09-18,439.6600,"4,453.53","1,953.40",,
2023-09-19,435.2000,"4,443.95","1,953.70",,
2023-09-20,422.3900,"4,402.20","1,967.10",,
2023-09-21,410.1700,"4,330.00","1,939.60",,
2023-09-22,416.1000,"4,320.06","1,945.60",,
2023-09-25,422.2200,"4,337.44","1,936.60",,
2023-09-26,419.1100,"4,273.53","1,919.80",,
2023-09-27,424.6800,"4,274.51","1,890.90",,
2023-09-28,430.8900,"4,299.70","1,878.60",,
2023-09-29,434.9900,"4,288.05","1,866.10",,
2023-10-02,447.8200,"4,288.39","1,847.20",,
2023-10-03,435.1700,"4,229.45","1,841.50",,
2023-10-04,440.4100,"4,263.75","1,834.80",,
2023-10-05,446.8800,"4,258.19","1,831.80",,